images,masks
1.png,1_mask.png
2.png,2_mask.png
3.png,3_mask.png
4.png,4_mask.png
5.png,5_mask.png
6.png,6_mask.png
7.png,7_mask.png
8.png,8_mask.png
9.png,9_mask.png
10.png,10_mask.png
11.png,11_mask.png
12.png,12_mask.png
13.png,13_mask.png
14.png,14_mask.png
15.png,15_mask.png
16.png,16_mask.png
17.png,17_mask.png
18.png,18_mask.png
19.png,19_mask.png
20.png,20_mask.png
21.png,21_mask.png
22.png,22_mask.png
23.png,23_mask.png
24.png,24_mask.png
25.png,25_mask.png
26.png,26_mask.png
27.png,27_mask.png
28.png,28_mask.png
29.png,29_mask.png
30.png,30_mask.png
31.png,31_mask.png
32.png,32_mask.png
33.png,33_mask.png
34.png,34_mask.png
35.png,35_mask.png
36.png,36_mask.png
37.png,37_mask.png
38.png,38_mask.png
39.png,39_mask.png
40.png,40_mask.png
41.png,41_mask.png
42.png,42_mask.png
43.png,43_mask.png
44.png,44_mask.png
45.png,45_mask.png
46.png,46_mask.png
47.png,47_mask.png
48.png,48_mask.png
49.png,49_mask.png
50.png,50_mask.png
51.png,51_mask.png
52.png,52_mask.png
53.png,53_mask.png
54.png,54_mask.png
55.png,55_mask.png
56.png,56_mask.png
57.png,57_mask.png
58.png,58_mask.png
59.png,59_mask.png
60.png,60_mask.png
61.png,61_mask.png
62.png,62_mask.png
63.png,63_mask.png
64.png,64_mask.png
65.png,65_mask.png
66.png,66_mask.png
67.png,67_mask.png
68.png,68_mask.png
69.png,69_mask.png
70.png,70_mask.png
71.png,71_mask.png
72.png,72_mask.png
73.png,73_mask.png
74.png,74_mask.png
75.png,75_mask.png
76.png,76_mask.png
77.png,77_mask.png
78.png,78_mask.png
79.png,79_mask.png
80.png,80_mask.png
81.png,81_mask.png
82.png,82_mask.png
83.png,83_mask.png
84.png,84_mask.png
85.png,85_mask.png
86.png,86_mask.png
87.png,87_mask.png
88.png,88_mask.png
89.png,89_mask.png
90.png,90_mask.png
91.png,91_mask.png
92.png,92_mask.png
93.png,93_mask.png
94.png,94_mask.png
95.png,95_mask.png
96.png,96_mask.png
97.png,97_mask.png
98.png,98_mask.png
99.png,99_mask.png
100.png,100_mask.png
101.png,101_mask.png
102.png,102_mask.png
103.png,103_mask.png
104.png,104_mask.png
105.png,105_mask.png
106.png,106_mask.png
107.png,107_mask.png
108.png,108_mask.png
109.png,109_mask.png
110.png,110_mask.png
111.png,111_mask.png
112.png,112_mask.png
113.png,113_mask.png
114.png,114_mask.png
115.png,115_mask.png
116.png,116_mask.png
117.png,117_mask.png
118.png,118_mask.png
119.png,119_mask.png
120.png,120_mask.png
121.png,121_mask.png
122.png,122_mask.png
123.png,123_mask.png
124.png,124_mask.png
125.png,125_mask.png
126.png,126_mask.png
127.png,127_mask.png
128.png,128_mask.png
129.png,129_mask.png
130.png,130_mask.png
131.png,131_mask.png
132.png,132_mask.png
133.png,133_mask.png
134.png,134_mask.png
135.png,135_mask.png
136.png,136_mask.png
137.png,137_mask.png
138.png,138_mask.png
139.png,139_mask.png
140.png,140_mask.png
141.png,141_mask.png
142.png,142_mask.png
143.png,143_mask.png
144.png,144_mask.png
145.png,145_mask.png
146.png,146_mask.png
147.png,147_mask.png
148.png,148_mask.png
149.png,149_mask.png
150.png,150_mask.png
151.png,151_mask.png
152.png,152_mask.png
153.png,153_mask.png
154.png,154_mask.png
155.png,155_mask.png
156.png,156_mask.png
157.png,157_mask.png
158.png,158_mask.png
159.png,159_mask.png
160.png,160_mask.png
161.png,161_mask.png
162.png,162_mask.png
163.png,163_mask.png
164.png,164_mask.png
165.png,165_mask.png
166.png,166_mask.png
167.png,167_mask.png
168.png,168_mask.png
169.png,169_mask.png
170.png,170_mask.png
171.png,171_mask.png
172.png,172_mask.png
173.png,173_mask.png
174.png,174_mask.png
175.png,175_mask.png
176.png,176_mask.png
177.png,177_mask.png
178.png,178_mask.png
179.png,179_mask.png
180.png,180_mask.png
181.png,181_mask.png
182.png,182_mask.png
183.png,183_mask.png
184.png,184_mask.png
185.png,185_mask.png
186.png,186_mask.png
187.png,187_mask.png
188.png,188_mask.png
189.png,189_mask.png
190.png,190_mask.png
191.png,191_mask.png
192.png,192_mask.png
193.png,193_mask.png
194.png,194_mask.png
195.png,195_mask.png
196.png,196_mask.png
197.png,197_mask.png
198.png,198_mask.png
199.png,199_mask.png
200.png,200_mask.png
201.png,201_mask.png
202.png,202_mask.png
203.png,203_mask.png
204.png,204_mask.png
205.png,205_mask.png
206.png,206_mask.png
207.png,207_mask.png
208.png,208_mask.png
209.png,209_mask.png
210.png,210_mask.png
211.png,211_mask.png
212.png,212_mask.png
213.png,213_mask.png
214.png,214_mask.png
215.png,215_mask.png
216.png,216_mask.png
217.png,217_mask.png
218.png,218_mask.png
219.png,219_mask.png
220.png,220_mask.png
221.png,221_mask.png
222.png,222_mask.png
223.png,223_mask.png
224.png,224_mask.png
225.png,225_mask.png
226.png,226_mask.png
227.png,227_mask.png
228.png,228_mask.png
229.png,229_mask.png
230.png,230_mask.png
231.png,231_mask.png
232.png,232_mask.png
233.png,233_mask.png
234.png,234_mask.png
235.png,235_mask.png
236.png,236_mask.png
237.png,237_mask.png
238.png,238_mask.png
239.png,239_mask.png
240.png,240_mask.png
241.png,241_mask.png
242.png,242_mask.png
243.png,243_mask.png
244.png,244_mask.png
245.png,245_mask.png
246.png,246_mask.png
247.png,247_mask.png
248.png,248_mask.png
249.png,249_mask.png
250.png,250_mask.png
251.png,251_mask.png
252.png,252_mask.png
253.png,253_mask.png
254.png,254_mask.png
255.png,255_mask.png
256.png,256_mask.png
257.png,257_mask.png
258.png,258_mask.png
259.png,259_mask.png
260.png,260_mask.png
261.png,261_mask.png
262.png,262_mask.png
263.png,263_mask.png
264.png,264_mask.png
265.png,265_mask.png
266.png,266_mask.png
267.png,267_mask.png
268.png,268_mask.png
269.png,269_mask.png
270.png,270_mask.png
271.png,271_mask.png
272.png,272_mask.png
273.png,273_mask.png
274.png,274_mask.png
275.png,275_mask.png
276.png,276_mask.png
277.png,277_mask.png
278.png,278_mask.png
279.png,279_mask.png
280.png,280_mask.png
281.png,281_mask.png
282.png,282_mask.png
283.png,283_mask.png
284.png,284_mask.png
285.png,285_mask.png
286.png,286_mask.png
287.png,287_mask.png
288.png,288_mask.png
289.png,289_mask.png
290.png,290_mask.png
291.png,291_mask.png
292.png,292_mask.png
293.png,293_mask.png
294.png,294_mask.png
295.png,295_mask.png
296.png,296_mask.png
297.png,297_mask.png
298.png,298_mask.png
299.png,299_mask.png
300.png,300_mask.png
301.png,301_mask.png
302.png,302_mask.png
303.png,303_mask.png
304.png,304_mask.png
305.png,305_mask.png
306.png,306_mask.png
307.png,307_mask.png
308.png,308_mask.png
309.png,309_mask.png
310.png,310_mask.png
311.png,311_mask.png
312.png,312_mask.png
313.png,313_mask.png
314.png,314_mask.png
315.png,315_mask.png
316.png,316_mask.png
317.png,317_mask.png
318.png,318_mask.png
319.png,319_mask.png
320.png,320_mask.png
321.png,321_mask.png
322.png,322_mask.png
323.png,323_mask.png
324.png,324_mask.png
325.png,325_mask.png
326.png,326_mask.png
327.png,327_mask.png
328.png,328_mask.png
329.png,329_mask.png
330.png,330_mask.png
331.png,331_mask.png
332.png,332_mask.png
333.png,333_mask.png
334.png,334_mask.png
335.png,335_mask.png
336.png,336_mask.png
337.png,337_mask.png
338.png,338_mask.png
339.png,339_mask.png
340.png,340_mask.png
341.png,341_mask.png
342.png,342_mask.png
343.png,343_mask.png
344.png,344_mask.png
345.png,345_mask.png
346.png,346_mask.png
347.png,347_mask.png
348.png,348_mask.png
349.png,349_mask.png
350.png,350_mask.png
351.png,351_mask.png
352.png,352_mask.png
353.png,353_mask.png
354.png,354_mask.png
355.png,355_mask.png
356.png,356_mask.png
357.png,357_mask.png
358.png,358_mask.png
359.png,359_mask.png
360.png,360_mask.png
361.png,361_mask.png
362.png,362_mask.png
363.png,363_mask.png
364.png,364_mask.png
365.png,365_mask.png
366.png,366_mask.png
367.png,367_mask.png
368.png,368_mask.png
369.png,369_mask.png
370.png,370_mask.png
371.png,371_mask.png
372.png,372_mask.png
373.png,373_mask.png
374.png,374_mask.png
375.png,375_mask.png
376.png,376_mask.png
377.png,377_mask.png
378.png,378_mask.png
379.png,379_mask.png
380.png,380_mask.png
381.png,381_mask.png
382.png,382_mask.png
383.png,383_mask.png
384.png,384_mask.png
385.png,385_mask.png
386.png,386_mask.png
387.png,387_mask.png
388.png,388_mask.png
389.png,389_mask.png
390.png,390_mask.png
391.png,391_mask.png
392.png,392_mask.png
393.png,393_mask.png
394.png,394_mask.png
395.png,395_mask.png
396.png,396_mask.png
397.png,397_mask.png
398.png,398_mask.png
399.png,399_mask.png
400.png,400_mask.png
401.png,401_mask.png
402.png,402_mask.png
403.png,403_mask.png
404.png,404_mask.png
405.png,405_mask.png
406.png,406_mask.png
407.png,407_mask.png
408.png,408_mask.png
409.png,409_mask.png
410.png,410_mask.png
411.png,411_mask.png
412.png,412_mask.png
413.png,413_mask.png
414.png,414_mask.png
415.png,415_mask.png
416.png,416_mask.png
417.png,417_mask.png
418.png,418_mask.png
419.png,419_mask.png
420.png,420_mask.png
421.png,421_mask.png
422.png,422_mask.png
423.png,423_mask.png
424.png,424_mask.png
425.png,425_mask.png
426.png,426_mask.png
427.png,427_mask.png
428.png,428_mask.png
429.png,429_mask.png
430.png,430_mask.png
431.png,431_mask.png
432.png,432_mask.png
